iteration: 2, loss: 1.1016, scmap loss: 0.9232, locref loss: 0.0320, limb loss: 0.1465, lr: 0.0005000000237487257
iteration: 4, loss: 0.3288, scmap loss: 0.2857, locref loss: 0.0109, limb loss: 0.0322, lr: 0.0005000000237487257
